ID , ancient_name , present_name , alternative_name , aqueduct_name
1153 ,ABELLUM ,Avella ,,
484 ,ABILA DEKAPOLEOS ,Tel Abil ,SELEUKEIA, SELEUCEIA,Ἄβιλα, Σελεύχεια ,khurayba aqueduct
485 ,ABILA DEKAPOLEOS ,Tel Abil ,SELEUKEIA, SELEUCEIA,Ἄβιλα, Σελεύχεια ,Upper aqueduct, Quwayliba aqueduct
486 ,ABILA DEKAPOLEOS ,Tel Abil ,SELEUKEIA, SELEUCEIA,Ἄβιλα, Σελεύχεια ,lower aqueduct
52 ,ABRITUS ,Razgrad ,,
1123 ,ABRUTTUS ,Abrud ,,
997 ,ACCI ,Guadix ,,
361 ,ACELUM ,Asolo ,,Bot
1203 ,ACERRAE ,Acerra ,,
295 ,ACTIA NICOPOLIS ,Palaio Préveza ,Νικόπολις ,
166 ,ACUNUM ,Montelimar ,AKOUSION ,
1173 ,AD AUGUSTUM ,Aoste ,AUGUSTUM ,
1204 ,AD CAZALIS ,M’Toussa ,,
403 ,AD ROTAS ,Monteroduni ,ROTAE ,
867 ,AD VETIANUM ,Avezzano ,,
350 ,AD VICESIMUM ,Amendolara ,,
1137 ,ADRAHA ,Edrei ,dara'a, درعا ,
911 ,AECLANUM ,Mirabella Eclano ,,
72 ,AENONA ,Nin ,,
344 ,AEQUICULI ,,,
343 ,AESERNIA ,Isernia ,,
749 ,AESICA ,Greatchesters ,,
205 ,AGEDINCUM ,Sens ,Senoria, Malay-le-Grand ,aqueduc Saint-Phibert
1149 ,AGGERSEL ,Henchir Sidi Abd er Rahman el Garci ,Karci, Garci ,
1235 ,AIGEIRA ,Aigira ,Αιγείρα ,
266 ,AIGINA ,Aigina ,Αίγινα ,
337 ,AKE ,Akko ,Acco, PTOLEMAIS ,
629 ,AKMONIA ,Ahat Köy ,,
349 ,AKRAGAS ,Agrigento ,AGRIGENTUM, ACRAGAS ,
630 ,ALABANDA ,Doganyurt ,Ἀλάβανδα ,
909 ,ALAUNA ,Alleaume ,Vallonges ,
777 ,ALBA AUGUSTA HELVIORUM ,Alba ,,
348 ,ALBA FUCENS ,Albe ,,
796 ,ALBA POMPEIA ,Alba ,,
797 ,ALBINGAUNUM ,Albenga ,,
102 ,ALBINNUM ,Albens ,,
478 ,ALBINTIMILIUM ,Ventimiglia ,,
782 ,ALEBAECA REIORUM ,Riez ,,
345 ,ALETRIUM ,alatri ,,
97 ,ALEXANDRIA ,Iskandariya ,,
642 ,ALEXANDRIA TROAS ,Eski Stanbul ,ANTIGONEIA ,
339 ,ALEXANDRION ,Sartaba ,ALEXANDRIUM, ALEXANDREION, SARTABA ,
631 ,ALINDA ,Karpuzlu ,ALEXANDRIA AD LATMUM, Demircideresi ,
881 ,ALLIFAE ,Alife ,,
1200 ,ALTAHIA ,Altea ,,Els Arcs
1372 ,ALUNTIUM ,San Marco d'Alunzio ,HALUNTIUM, Ἀλόντιον ,
632 ,AMASEIA ,Amasya ,,Ferhat water canal
633 ,AMASEIA ,Amasya ,,
87 ,AMATHOUS ,Amathus ,,
88 ,AMATHOUS ,Amathus ,,
351 ,AMITERNUM ,St. Vittorino ,,western Aqueduct
927 ,AMITERNUM ,St.Vittorino ,,Aquae Arentani
1118 ,AMMAIA ,Sao Salvador de Aramenha ,,western aqueduct
1119 ,AMMAIA ,Sao Salvador de Aramenha ,,eastern aqueduct
1092 ,AMPHIPOLIS ,Amphipoli ,,
1247 ,AMPHIPOLIS ,Amphipoli ,,
1116 ,AMPHISSA ,,,
634 ,ANAZARBOS ,Anavarza Kalesi ,,west aqueduct
1271 ,ANAZARBOS ,Anavarza Kalesi ,,eastern aqueduct
352 ,ANCONA ,Ancona ,,Camerano
901 ,ANCYRA ,Ankara ,,
529 ,ANDELOS ,Muruzabal de Andion ,,Andelus
148 ,ANDESINA ,Grand ,GRANNUM ,
635 ,ANDRIAKE ,kekova ,,
1179 ,ANDROUSSA ,,,
636 ,ANEMURIUM ,Eski Anamur ,ANAMURION, ANEMURION ,
637 ,ANEMURIUM ,Eski Anamur ,ANAMURION, ANEMURION ,
353 ,ANGITIA ,Luco dei Marsi ,ANGIZIA, ANXA, ANGITIAE LUCUS ,
638 ,ANTIOCHIA AD MEANDRUM ,Aliagaçiftligi ,,
639 ,ANTIOCHIA AD ORONTEM ,Antakya ,DAPHNE, Harbiye ,Trajan aqueduct
640 ,ANTIOCHIA PISIDIAE ,Yalvaç ,,eastern aqueduct
641 ,ANTIOCHIA PISIDIAE ,Yalvaç ,,northern aqueduct
105 ,ANTIPOLIS ,Antibes ,,aqueduc de Fontevieille
106 ,ANTIPOLIS ,Antibes ,,aqueduc de la Bouillide
354 ,ANTIUM ,Anzio, Torre di Monumento ,,
355 ,ANTIUM ,Anzio ,,
597 ,APAMEA ,Qalaat el Moulle ,PELLA, APHAMEA ,
643 ,APAMEA PHRYGIAE ,Dinar ,KIBOTOS ,
644 ,APHRODISIAS ,Geyre ,,yenidere
1275 ,APHRODISIAS ,Geyre ,,
496 ,APOLLONIA ,Marsa Susa ,SOZOUSA ,
1205 ,APOLLONIA PONTICA ,Sozopol ,,
1042 ,APOLLONIA SALBAKE ,Vakıf ,APOLLONIA SALBAKOS ,
1347 ,APSAROS ,Adjara ,გონიოს ციხე, APSARUNTOS, GONIO ,
783 ,APTA IULIA ,APT ,,
1095 ,APULUM ,Alba Julia ,COLONIA NOVA APULES ,
787 ,AQUAE ,Aix les bains ,,
1085 ,AQUAE ,Prahovo ,,
1121 ,AQUAE BALISSAE ,Daruvar ,,
218 ,AQUAE CALIDAE ,Vichy ,AQUIS CALIDIS ,
219 ,AQUAE CALIDAE ,Vichy ,AQUIS CALIDIS ,
986 ,AQUAE FLAVIAE ,Chaves (Portugal) ,,
1209 ,AQUAE FLAVIANAE ,,,
233 ,AQUAE GRANNI ,Aachen ,,
259 ,AQUAE MATTIACORUM ,Wiesbaden ,,
174 ,AQUAE NERI ,Néris les Bains ,,aqueduc des Combes
175 ,AQUAE NERI ,Néris les Bains ,,aqueduc des Viviers
99 ,AQUAE SEXTIAE ,Aix-en-Provence ,,Beaulieu (Trévaresse)
100 ,AQUAE SEXTIAE ,Aix-en-Provence ,,Traconnade
101 ,AQUAE SEXTIAE ,Aix-en-Provence ,,Saint-Antonin
342 ,AQUAE STATIELLAE ,Acqui Terme ,,
1063 ,AQUAE TARBELLICAE ,Dax ,,
1160 ,AQUAEDUCTUS (?) ,Audun -le-Tyche ,,
358 ,AQUILEIA ,Aquileia ,,
929 ,AQUILEIA ,Aquileia ,,
308 ,AQUINCUM ,Budapest ,,
359 ,AQUINUM ,Aquino ,,
755 ,ARABEIA ,South Shields ,,
181 ,ARAUSIO ,Orange ,,
73 ,ARBA ,Rab ,,
311 ,ARCHELAIS ,Khirbet el-Beiyudat ,,
1140 ,AREGENUA ,Vieux-la-Romaine ,,
108 ,ARELATE ,Arles ,,Fontvieille, Eygalieres
109 ,ARELATE ,Arles ,,Trinquetaille
114 ,ARELATE ,Arles - Barbegal ,,Caparon
107 ,ARGENTOMAGUS ,Argenton sur Creuse ,Saint Marcel ,
207 ,ARGENTORATE ,Strasbourg ,,
262 ,ARGOS ,Argos ,,south aqueduct
760 ,ARGOS ,Argos ,,north aqueduct
761 ,ARGOS ,Argos ,,III
973 ,ARIAGINIE (?) ,Bagnoregio ,,Fontane Secche
645 ,ARIASSOS ,Uçkapi ,,
1195 ,ARIELDELA ,Ain Gharandal ,,
427 ,ARIMINUM ,Rimini ,,
309 ,ARRABONA ,Imre ,,
360 ,ARRETIUM ,Arezzo ,,
1002 ,ARUCCI ,Aroche ,,
1006 ,ARUNDA ,Ronda ,,
1279 ,ARYCANDA ,,ARYKANDA ,
856 ,ASCULUM ,Ascoli Piceno ,,
1133 ,ASIDO ,Medina Sidonia ,,
895 ,ASISIUM ,Assisi ,,del Sanguinone (North)
896 ,ASISIUM ,Assisi ,,del Pranzo (West)
897 ,ASISIUM ,Assisi ,,San Rufino
646 ,ASPENDOS ,Büyükbelkis ,Aspendus ,
74 ,ASSERIA ,Podgrade ,,
1211 ,ASTIGI ,Écija ,,
31 ,ASTORA ,Stora ,,
1312 ,ASTURA ,Torre Astura ,Nettuno ,
1210 ,ATELLA ,Orta di Atella, Sant'Arpino ,,
362 ,ATESTE ,Este ,,
263 ,ATHENAE ,Athinai ,Athens, Athen, Αθήνα ,Hadrianic aqueduct
264 ,ATHENAE ,Athinai ,Athens, Athen, Αθήνα ,Peiristratos
265 ,ATHENAE ,Athinai ,Athens, Athen, Αθήνα ,
918 ,ATINA LATII ,Atina ,,
1320 ,ATTALIA ,ANTALYA ,,
972 ,ATTIDIUM ,Attigio ,,
1039 ,ATTOUDA ,Hisarköy, near Denizli ,,
49 ,ATUATUCA TONGRORUM ,Tongeren ,Troinges ,
487 ,AUARA ,Humayma ,,
1158 ,AUGARMI ,Wadi Hallouf ,,
1060 ,AUGUSTA AUSCORUM ,Auch ,,L'aqueduc de Pavie
791 ,AUGUSTA BAGIENNORUM ,Bene Vagienna ,,
356 ,AUGUSTA PRAETORIA ,Aosta ,,La Comba
928 ,AUGUSTA PRAETORIA ,Aosta ,,
585 ,AUGUSTA RAURICA ,Augst ,,
206 ,AUGUSTA SUESSIONUM ,Soissons ,,
53 ,AUGUSTA TRAIANA ,Stara Zagora ,BEROE ,
258 ,AUGUSTA TREVERORUM ,Trier ,,Ruwerkanal
234 ,AUGUSTA VINDELICORUM ,Augsburg ,,
212 ,AUGUSTOBONA ,Troyes ,,
530 ,AUGUSTOBRIGA ,Talavera la Vieja ,,
111 ,AUGUSTODUNUM ,Autun ,,aqueduc de Montjeu
1255 ,AUGUSTODUNUM ,Autun ,,aqueduc de Montdru
115 ,AUGUSTODURUM ,Bayeux ,,
202 ,AUGUSTOMAGUS ,Senlis ,,
203 ,AUGUSTOMAGUS ,Senlis ,,
204 ,AUGUSTOMAGUS ,Senlis ,,
136 ,AUGUSTONEMETUM ,Clermont Ferrand ,,
151 ,AUGUSTORITUM LEMOVICUM ,Limoges ,AQUA MARTI ,Beaubreuil
152 ,AUGUSTORITUM LEMOVICUM ,Limoges ,AQUA MARTI ,Aigoulène
1012 ,AURGI ,Jaen, barrio La Magdalena ,,
1013 ,AURGI ,Jaen, barrio La Magdalena ,,
852 ,AUSCULUM ,Ascoli Satriano ,,
112 ,AUTESSIODORUM ,Auxerre ,,
134 ,AUTRICUM ,Chartres ,Crot au Fees ,Houdouenne
135 ,AUTRICUM ,Chartres ,,Landelles
930 ,AUXIMUM ,Osimo ,,
5 ,AUZIA ,Aumale ,Sour Ghozlan ,
124 ,AVARICUM ,Bourges ,,Traslay
898 ,AVARICUM ,Bourges ,,Menetou Salon
899 ,AVARICUM ,Bourges ,,Valentigny
900 ,AVARICUM ,Bourges ,,Nérigny
784 ,AVENNIO ,Avignon ,,
586 ,AVENTICUM ,Avenches ,,Bois du Chatel, Aubert Nr IV
587 ,AVENTICUM ,Avenches ,,aqueduc de Coppet
588 ,AVENTICUM ,Avenches ,,aqueduc Bonne Fontaine - Moulin de Prez
589 ,AVENTICUM ,Avenches ,,aqueduc d´Oleyers
590 ,AVENTICUM ,Avenches ,,aqueduc V
591 ,AVENTICUM ,Avenches ,,aqueduc VI
848 ,AZETIUM ,Rutigliano ,,
6 ,BADIAS ,Badès ,,
532 ,BAELO CLAUDIA ,Bolonia ,,Realillo
1008 ,BAELO CLAUDIA ,Bolonia ,,Punta Paloma
1009 ,BAELO CLAUDIA ,Bolonia ,,Molino
120 ,BAETERRAE ,Béziers ,,Gabian la Resclauze
116 ,BAGACUM ,Bavay ,,
647 ,BALBOURA ,Çölkayığı ,Balbura ,
729 ,BANNA ,Birdoswald ,,
786 ,BANTIANA ,Bances ,BATIANA, UNTIANO ,
1112 ,BARARUS ,,,
533 ,BARCINO ,Barcelona ,,Montcada
1254 ,BARCINO ,Barcelona ,,Collserola
1047 ,BARGYLIA ,Yarköy - Güllük ,,
1193 ,BASILIKE ,,,
1077 ,BASSIANA ,Donji Petrovac ,BASSIANAE ,
974 ,BEGASTRI ,Alcantarilla de las Suerte ,,Acequia de la Pollera
794 ,BENEVENTUM ,Benevento ,,
497 ,BERENICE ,near Benghazi ,EUHEPERIDES ,
925 ,BERGOMUM ,Bergamo ,,
863 ,BEROEA ,Aleppo ,,
494 ,BERYTUS ,Beirut ,,Aqueduct of Zubaida ( bridge )
728 ,BIBRA ,Beckfoot ,,
167 ,BIBRACTE ,Mont Beuvray ,,
1124 ,BILBILIS ,,,
236 ,BINGIUM ,Bingen ,,
562 ,BLANDAE ,Pineda de Mar ,,
1380 ,BLATOBULGIUM ,Birrens ,,
648 ,BLAUNDOS ,Sulmenli ,,
237 ,BONNA ,Bonn ,,
54 ,BONONIA ,Vidin ,,
363 ,BONONIA ,Bologna ,,
861 ,BOSTRA ,Bosra ,,
1 ,BOUTHROTON ,Butrinti ,,
364 ,BOVILLAE ,Frattochi ,,
750 ,BREMENIUM ,Hogh Rochester ,,
126 ,BRIGANTIO ,Briançon ,,
307 ,BRIGETIO ,Szöny ,,
125 ,BRIORATIS ,Briord ,,
366 ,BRIXELLUM ,Brescello ,,
840 ,BRIXIA ,Brescia ,,acquedotto Lumezzane, Val Trompia
365 ,BRIXIA ,Brescia ,,Mompiano
127 ,BROCOMAGUS ,Brumath ,,
367 ,BRUNDISIUM ,Brindisi ,,
1064 ,BUBON ,,,
122 ,BURDIGALA ,Bordeaux ,,aqueduc de Vayres
75 ,BURNUM ,Plavno Polje ,Ivosevci ,Plavno Polje
1212 ,BYBLOS ,,,
931 ,CAERE ,Cerveteri ,,
584 ,CAESARAUGUSTA ,Zaragoza ,,
312 ,CAESAREA MARITIMA ,Qesaria ,,high level
313 ,CAESAREA MARITIMA ,Qesaria ,,lower aqueduct, low level aqueduct
1256 ,CAESAREA MARITIMA ,Qesaria ,,southern aqueduct
598 ,CAESAREA PHILIPPI ,Banias ,PANEAS, PANIAS, BANIAS ,
211 ,CAESARODUNUM ,Tours ,,aqueduc de Fontenay
213 ,CAESARODUNUM ,Tours ,,
118 ,CAESAROMAGUS ,Beauvais ,,
736 ,CAESAROMAGUS ,Chelmsford ,,
878 ,CAIATIA ,Caiazzo ,,
1373 ,CALACTE ,Caronia ,Καλάκτα, Caleacte, Calacta, Calacte ,
535 ,CALAGURRIS ,Alcanadre - Lodosa ,,Puente de los Moros
1120 ,CALAGURRIS ,Calahorra ,,western aqueduct
8 ,CALAMA ,Guelma ,,SW
979 ,CALAMA ,Guelma ,,SE
1007 ,CALDUBA (?) ,Sierra Aznar ,,
372 ,CALES ,Calvi Risorta ,,
932 ,CALES ,Cagli ,,
864 ,CALLATIS ,Mangalia ,,
243 ,CAMBODUNUM ,Kempten ,,
933 ,CAMERINUM ,Camerino ,,
1213 ,CANATHA ,Qanawat ,,
368 ,CANUSIUM ,Canosa ,,Montemilone
369 ,CANUSIUM ,Canosa ,,
934 ,CAPENA ,Capena ,,
888 ,CAPERNAUM ,Ain et Tabigha ,,
521 ,CAPRIS (?) ,Koper ,,
917 ,CAPUA ,Santa Maria de Capua Vetere ,,Aqua Julia
769 ,CARALES ,Cagliari ,KARALIS ,
132 ,CARCASSO ,Carcassonne ,,
1214 ,CARMO ,Carmona ,,
44 ,CARNUNTUM ,Bad Deutsch-Altenburg ,COLONIA SEPTIMIA CARNUNTUM ,
374 ,CARREUM POTENTIA ,Chieri ,,
935 ,CARSIOLI ,Civita di Oricola ,,
936 ,CARSULAE ,S. Gemini ,,
1096 ,CARTEIA ,San Roque ,COLONIA LIBERTINORUM CARTEIA ,
606 ,CARTHAGO ,Carthage ,Zaghouan,Καρχηδών,קרתא חדאתא, قرطاج ,
1073 ,CARTHAGO NOVA ,Cartagena ,,
1199 ,CARTIMA ,Cartama ,,
370 ,CASINUM ,Cassino ,,
1152 ,CASSINOMAGUS ,Chassenon ,,
248 ,CASTELLUM MATTIACORUM ,Mainz Kastel ,,
40 ,CASTELLUM TINGITANUM ,El Asnam ,Orléansville ,
346 ,CASTRA ALBANA ,Albano ,,Cento Bocce
347 ,CASTRA ALBANA ,Albano ,,Malaffitto Basso
371 ,CASTRA ALBANA ,Albano ,VILLA DOMITIANI, Malaffitto Basso, Malaf ,Malaffitto Alto
375 ,CASTRUMNOVUM ,Torre Chiaruccia ,,
537 ,CASTULO ,Cazlona ,,
735 ,CATARACTONIUM ,Catterick ,,
373 ,CATINA ,Catania ,CATANA, KATANE ,
1157 ,CAUDIUM ,Montesarchio, Cirignano ,,
1004 ,CELTI ,Peñaflor ,,
176 ,CEMENELUM ,Nice - Cimiez ,,de Falicon
177 ,CEMENELUM ,Nice - Cimiez ,,de Mouraille
180 ,CENABUM ,Orléans ,VICUS VELLAUNODUNUM ,
378 ,CENTUMCELLAE ,Civitavecchia ,AQUAE TAURI ,
377 ,CENTURIPAE ,Centuripe ,,
968 ,CERCEI ,Circeo ,CIRCEI ,
892 ,CHALKIS ,Chalkida ,,
1028 ,CHEFIRAH ,Horvat Kefira ,,
268 ,CHERSONASOS ,Limin Khersonisos ,,
321 ,CHORSIA ,Kursi ,GERGESA ,
267 ,CHORSIAI ,Kastron Khostion ,KHOSTIA ,
1089 ,CIBALAE ,Vinkovici ,COLONIA AURELIA CIBALAE ,
1281 ,CIBYRA ,Golhisar ,,
1035 ,CIBYRA ,Golhisar ,,
608 ,CILLIUM ,Kasserine ,Al-Qasrayn ,
609 ,CILMA (?) ,Djilma ,,
739 ,CILURNUM ,Chesters ,,
842 ,CINGULUM ,Cingoli ,,
1115 ,CIRRHA ,,,
11 ,CIRTA ,Constantine ,,Bou Merzoug
12 ,CIRTA ,Constantine ,,Sidi Mabrouk
76 ,CISSA ,Kolan ,KOLANIA, Caska ,
989 ,CIVITAS BIIENSIS ,Aïn Batria ,BIIA ,
873 ,CIVITAS POPTHENSIS ,Ksiba ,,
284 ,CNOSOS ,Knossos ,COLONIA JULIA NOBILIS CNOSOS ,
245 ,COLONIA CLAUDIA ARA AGRIPPINENSIUM ,Köln ,OPPIDUM ARA UBIORUM,Cologne,Koln, Keulen ,Vorgebirgs Leitung, Hürther Aqueduct
246 ,COLONIA CLAUDIA ARA AGRIPPINENSIUM ,Köln ,OPPIDUM ARA UBIORUM,Cologne,Koln, Keulen ,Eifelkanal
764 ,COLONIA CLAUDIA ARA AGRIPPINENSIUM ,Köln ,OPPIDUM ARA UBIORUM,Cologne ,Vorgebirgsleitung, Burbacher Aqueduct
765 ,COLONIA CLAUDIA ARA AGRIPPINENSIUM ,Köln ,OPPIDUM ARA UBIORUM,Cologne,Koln, Keulen ,Vorgebirgsleitung, Gleueler Aqueduct
766 ,COLONIA CLAUDIA ARA AGRIPPINENSIUM ,Köln ,OPPIDUM ARA UBIORUM,Cologne,Koln, Keulen ,Vorgebirgs, Frechen, Bachemer Leitung
580 ,COLONIA GENETIVA IULIA ,Urso ,,
261 ,COLONIA ULPIA TRAIANA ,Xanten ,,South Eastern aqueduct
1016 ,COLOPHON ,,,
891 ,COLOSSAE ,Honaz ,,
738 ,CONCANGIS ,Chester-le-Street ,,
824 ,CONDERCUM ,Benwell ,,
512 ,CONIMBRIGA ,Condeixa ,,
542 ,CONSABURA ,Consuegra ,,Puentes secas
381 ,CONSENTIA ,Cosenza ,,
910 ,CONSTANTIA ,Coutences ,,
671 ,CONSTANTINOPOLIS ,Istanbul ,BYZANTIUM ,Aqua Hadriana
672 ,CONSTANTINOPOLIS ,Istanbul ,BYZANTIUM ,Valens, Vize upper aqueduct
673 ,CONSTANTINOPOLIS ,Istanbul ,BYZANTIUM ,Theodosius
937 ,CORA ,Cori ,,
541 ,CORDUBA ,Cordoba ,,Aqua Augusta, acueducto de Valdepuentes
1010 ,CORDUBA ,Cordoba ,,Aqua Nova Domitiana
1011 ,CORDUBA ,Cordoba ,,Aqua Fontis Aureae , estación de autobus
1159 ,COREVA ,Henchir Dermoulya ,,
380 ,CORFINIUM ,Corfinio ,,
740 ,CORINIUM DOBUNNORUM ,Cirencester ,,
269 ,CORINTHIA ,Corinth ,Κόρινθος ,
741 ,CORIOSOPITUM ,Corbridge ,,
868 ,CORNUS ,Santa Caterina di Pittinuri ,,
1061 ,CORONEA ,,,
649 ,CORYCUS ,Kizkalesi (Gorgos) ,KORYKOS ,
283 ,COS ,Kos ,,
1125 ,COTO FORTUNA ,Mazarrón ,,
650 ,CREMNA ,Girme ,COLONIA JULIA AUGUSTA FELIX, KREMNA ,
1070 ,CROCODILOPOLIS ,Kimin Fares, Shedet ,ARSINOE, PTOLOMAIS EVERGETIS ,
137 ,CRUDATIS ,Cruas ,,
14 ,CUICUL ,Djemila ,,
1237 ,CUMAE ,Cuma ,,
914 ,CUPRA ,Cupra montana ,Civita di Marano ,Barlozzo
1143 ,CURUBIS ,Kourba ,qurba ,
905 ,CUSA (?) ,Orbetello ,,
822 ,CYDONIA ,Chania ,KYDONIA ,
332 ,CYPROS ,Kypros ,Tel el Akaba, KYPROS ,
498 ,CYRENE ,Ain Shahat ,,
1069 ,CYZICUS ,,,
862 ,DAMASCUS ,Dimasq ,Damascus ,
1134 ,DARA ,Oğuz ,,
962 ,DARIORIGUM ,Locmariaquer ,,
139 ,DEA VOCONTIORUM ,Die ,DEA AUGUSTA ,Romeyer
1172 ,DEA VOCONTIORUM ,Die ,DEA AUGUSTA ,Valcroissoissant
1176 ,DELION ,Dilesi ,,
1337 ,DELOS ,Delos ,,
270 ,DEMETRIAS ,Volos ,MAGNESIA, PAGASAE ,Dontia (teeth)
1109 ,DERNA ,,Darnah ,
382 ,DERTONA ,Tortona ,IULIA DERTONA ,
1215 ,DERVENTUM ,Drevant ,,north aqueduct
1216 ,DERVENTUM ,Drevant ,,east aqueduct
98 ,destination unknown ,near Vauvenargues ,,Aqueduc de Vauvenargues
144 ,destination unknown ,Fontaines sur Marne ,,
149 ,destination unknown ,Groslée ,,
199 ,destination unknown ,Salleles d'Aude ,,Narbonne or Jasses
737 ,DEVA ,Chester ,,
13 ,DIANA VETERANORUM ,Zana ,,
780 ,DILIS (?) ,Sénèmes ,,
55 ,DIMUS ,Belene ,,
651 ,DIOCAESAREA ,Uzuncaburç ,,
56 ,DIOCLETIANOPOLIS ,Hisar ,,
273 ,DION ,Malathria ,,
1196 ,DION ,Tell-Ashari ,CAPITOLIAS ,
165 ,DIVODURUM MEDIOMATRICORUM ,Metz ,METTIS ,Gorze
129 ,DIVONA ,Cahors ,,
507 ,DOCLEA ,Duklja ,,
316 ,DOK ,Jebel Qarantal ,DOUKA , DOQ ,
315 ,DOR ,Burj et Tantura ,DORA ,
517 ,DROBETA ,Turnu Severin ,,
745 ,DURNOVARIA ,Dorchester ,,
190 ,DUROCORTORUM ,Reims ,,Suippe
57 ,DUROSTORUM ,Silistra ,,
776 ,DYRRACHIUM ,Durrës ,COLONIA JULIA AUGUSTA DYRRACHIUM ,aqueduct of Hadrian
515 ,EBORA ,Evora ,,
1311 ,EBURUM ,Eboli ,,
545 ,EBUSUS ,Santa Eulalia ,,S'Argamassa
710 ,ELAIOUSSA SEBASTE ,Ayes ,,
275 ,ELEUSIS ,Elevsis ,,
274 ,ELEUTHERNA ,Prines ,,
318 ,ELEUTHEROPOLIS ,Beth Govrin ,,east channel
319 ,ELEUTHEROPOLIS ,Beth Govrin ,,north channel
821 ,ELYROS ,Rodovani ,Ἔλυρος ,
557 ,EMERITA AUGUSTA ,Merida ,,Cornalvo, Aqua Augusta
558 ,EMERITA AUGUSTA ,Merida ,Rabo de Buey ,Las Tomas
559 ,EMERITA AUGUSTA ,Merida ,,Proserpina
522 ,EMONA ,Ljubljana ,,
1340 ,EPHESOS ,Selçuk ,Έφεσος, EPHESUS, efes ,Sultaniye, Aqua Julia?
1345 ,EPHESOS ,Selçuk ,Έφεσος, EPHESUS, efes ,Değirmendere-alte Leitung (old channel)
653 ,EPHESOS ,Selçuk ,Έφεσος, EPHESUS, efes ,Aqua Troessitica, Pollio aqueduct
654 ,EPHESOS ,Selçuk ,Έφεσος, EPHESUS, efes ,Lysimachos
655 ,EPHESOS ,Selçuk ,Έφεσος, EPHESUS, efes ,Aristion
656 ,EPHESOS ,Selçuk ,Έφεσος, EPHESUS, efes ,Değirmendere, neue Leitung
657 ,EPHESOS ,Selçuk ,Έφεσος, EPHESUS, efes ,Şirince
276 ,EPIDAUROS ,Palai Epidauros ,,
77 ,EPIDAURUM ,Cavtat ,,
1129 ,EPIPHANEA ,Hama ,,
658 ,EPIPHANEIA ,Gözene ,,
659 ,EPIPHANEIA ,Gözene ,OENIANDOS ,
394 ,EPOREDIA ,Ivrea ,,
286 ,EUA ,Moni Loukous ,Loukou, LOUKOUS, Kynouria, Eva ,
652 ,EUMENEIA ,Işıklı-Çivril ,EUMENIA ,
819 ,EUROPOS ,Axios valley ,,
140 ,EVAUNUM ,Evaux-les-Bains ,,
386 ,FAESULAE ,Fiésole ,,
938 ,FALERII ,Civita Castellana ,,
770 ,FALERIO PICENUS ,Falerone ,,
843 ,FANUM FORTUNAE ,Fano ,,
142 ,FANUM MARTIS ,Famars ,,
1084 ,FELIX ROMULIANA ,Gamzigrad ,,
383 ,FELTRIA ,Feltre ,,
893 ,FERENTIUM ,Ferento ,,
384 ,FIRMUM PICENUM ,Fermo ,,
78 ,FLANONA ,Kozljac ,,
1197 ,FLAVIOBRIGA ,Batna ,Matour, Matar ,Ain el Ksar
1198 ,FLAVIOBRIGA ,Castro Urdiales ,PORTUS AMANUS ,
385 ,FLORENTIA ,Firenze ,Florence ,
561 ,FODINAE ,Riotinto ,,
792 ,FORMIAE ,Formia ,,rione Mola
793 ,FORMIAE ,Formia ,,Pontone
594 ,FORUM CLAUDII VALLENSIUM ,Martigny ,OCTODURUS ,
387 ,FORUM CLODII ,San Liberato ,,
392 ,FORUM CORNELII ,Imola ,,
146 ,FORUM JULII ,Frejus ,,
939 ,FORUM NOVUM ,Fornovo di Taro ,,
940 ,FORUM POPILII ,Forlimpopoli ,,
143 ,FORUM SUGUSIAVORUM ,Feurs ,,
941 ,FORUM TRAIANI ,Fordongianus ,,
1353 ,FRIGIDAE ,Ain el Hammam ,عين الحمام ,
836 ,FUIFOLA ,Faicchio ,FAIFOLA (Livius) ,
320 ,GABA PHILIPPI ,Tel Shosh ,Tel Abu-shush ,
388 ,GABII ,Osteria dell'Osa ,Gabii Castiglione ,
1286 ,GADARA ,Umm Qais ,ADRAA, Dar'a ,Ain Turab
488 ,GADARA ,Umm Qais ,ADRAA, Dar'a ,
534 ,GADES ,Cádiz ,AUGUSTA URBS JULIA GADITANA, GADIR ,
808 ,GAGAI ,Yenice ,GAGAE ,
599 ,GAMALA ,es Salem ,,
768 ,GARACTUM ,Guéret ,,
781 ,GARGARIUS ,St-Jean-de-Gargier ,,
1150 ,GEMELLAE ,Henchir Sidi Aich ,,
595 ,GENAVA ,Genève ,,
389 ,GENUA ,Genova ,,
1122 ,GENUCIANUM ,Genazzano ,,
489 ,GERASA ,Jerash ,ANTIOCHIA AD CHRYSORHOAM ,
661 ,GERGA ,near Ovacik ,,
59 ,GERMANEA ,Sapareva Banya ,,
123 ,GESORIACUM ,Boulogne ,BONONIA ,
141 ,GISACUM ,Vieil-Evreux ,,
1246 ,GITHION ,Githio ,PALAIOPOLIS ,
147 ,GLANUM ,barrage de Péïrou ,St Remy de Provence ,
814 ,GLYKY ,Glyky ,THESPROTIA ,
815 ,GONNOI ,Larissa ,GONNOI ,
816 ,GORITZA ,Goritsa ,,
277 ,GORTYN ,Gortis ,GORTYS ,
890 ,GRACCHURRIS ,Alfaro ,Gracurris ,
390 ,GRUMENTUM ,Grumento nova ,,
15 ,GUNUGU ,Sidi Brahim ,,
278 ,GYTHEION ,Gythion ,,
499 ,HADRIANOPOLIS ,near Driana - Daryanak ,,
623 ,HADRUMETUM ,Sousse ,JUSTINIANOPOLIS ,
1374 ,HALAESA ,Tusa ,Ἄλαισα, ALAESA, HALESA ,
1022 ,HATRIA ,Atri ,,
913 ,HELVIA RICINA ,Villa Potenza ,,
663 ,HERACLEA ,Eregli ,,
1114 ,HERACLEA LYNCESTIS ,Bitola ,,
1046 ,HERACLEIA AD LATMOS ,Kapıkırı ,,
1041 ,HERACLEIA SALBAKE ,Vakıf ,HERAKLEIA SALBAKOS ,
391 ,HERCULANEUM ,Ercolano ,,
919 ,HERDONIA ,Ordona ,,
1180 ,HERMIONE ,,,
1284 ,HERODEION ,el Fureidis ,,aqueduct C (Amit2002)
322 ,HERODEION ,el Fureidis ,,aqueduct B (Amit 2002)
601 ,HIERAPOLIS ,Memdidj - Manbiy ,BAMBYKE ,
806 ,HIERAPOLIS PHRYGIAE ,Pamukkale ,,Kocapınar aqueduct
807 ,HIERAPOLIS PHRYGIAE ,Pamukkale ,,Müştek aqueduct
664 ,HIERAPOLIS PHRYGIAE ,Pamukkale ,,western aqueduct
324 ,HIERIOUS ,Jericho ,Tulul abu el Alaiq ,
605 ,HIPPO DIARRHYTUS ,Aïn Damous ,Aïn Nadour , Bizerte ,
16 ,HIPPO REGIUS ,Annaba ,Bône ,Bou Zizi
325 ,HIPPOS ,Horvat Susita ,Sussita ,lower aqueduct
326 ,HIPPOS ,Horvat Susita ,,Upper Aqueduct
571 ,HISPALIS ,Sevilla ,,Caños de Carmona
446 ,HISPELLUM ,Spello ,,
942 ,HISTONIUM ,Vasto ,,acquedotto delle Luci
970 ,HISTRIA ,Histria ,,
1081 ,HORREUM MARGI ,Ćuprija ,,
823 ,HUNNUM ,Haltonchesters ,,
1323 ,HYRKANIA ,Khirbet Mird ,KASTELLI , HYRCANIA ,
323 ,HYRKANIA ,Khirbet Mird ,KASTELLI , HYRCANIA ,
86 ,IADER ,Zadar ,Zara ,
1166 ,IANTINUM ,Meaux ,,
668 ,IASOS ,Asinkalesi ,IASSOS ,
666 ,IDEBESSOS ,Kozagaci ,,
17 ,IDICRA ,Aziz ben Tellis ,,
327 ,IERUSALEM ,Jerusalem ,ירושלים, ‏القدس, Ἱεροσόλυμa ,Arrub aqueduct
983 ,IERUSALEM ,Jerusalem ,ירושלים, ‏القدس, Ἱεροσόλυμa ,Upper aqueduct
1257 ,IERUSALEM ,Jerusalem ,ירושלים, ‏القدس, Ἱεροσόλυμa ,lower aqueduct, low level aqueduct
1258 ,IERUSALEM ,Jerusalem ,ירושלים, ‏القدس, Ἱεροσόλυμa ,Wadi el Biyar aqueduct
1014 ,IGABRUM ,,,
904 ,IGILIUM ,Isola di Giglio ,,
543 ,ILIBERRI ,Granada ,,
1001 ,ILIPLA ,Niebla ,,
667 ,ILIUM ,Troia ,,
993 ,ILURCO ,Pinos Puente ,,
1189 ,INIA ,,,
393 ,INTERAMNA LIRENAS ,Pignataro Interamna ,,
923 ,INTERAMNA NAHARS ,Terni ,,
9 ,IOL CAESAREA ,Cherchel ,Caesarea de Mauretanie ,eastern aqueduct
10 ,IOL CAESAREA ,Cherchel ,Caesarea de Mauretanie ,south gate aqueduct
1384 ,ISCA ,Caerleon ,,
279 ,ISTHMIA ,Kyra Vrisi ,,
546 ,ITALICA ,Santiponce ,,
943 ,IULIA CONCORDIA ,Concordia Sagittaria ,,
959 ,IULIABONA ,Lillebonne ,,
924 ,IULIUM CARNICUM ,Zuglio ,,
1086 ,IUSTINIANA PRIMA ,Caričin grad ,,
1181 ,KALABRYTA ,Kalavryta ,Καλάβρυτα ,
1182 ,KAMARI ,Kamari ,,
281 ,KAMIROS ,Kamiros ,,
90 ,KARPASIA ,Rizokarpaso ,,
665 ,KASTABALA ,Bodrun Kalesi ,HIERAPOLIS ,east aqueduct
669 ,KATABOLOS ,Muttalip Höyügü ,MOUTLOUBAKE ,
670 ,KERAMOS ,Ören ,,
93 ,KERYNEIA ,Kyrenia ,KERYNIA ,
1190 ,KISSAMOS ,,POLYRHENNIA ,
810 ,KITANAURA ,Gölcük ,,
1044 ,KNIDOS ,Yazıköy - Datça ,,
674 ,KOROPASSOS ,Dagpazari ,,
809 ,KORYDALLA ,Kumluca ,,
289 ,KOUPHONISI ,Kouphonisi ,LEUKE, LEUCE ,south aqueduct
1191 ,KOUPHONISI ,Kouphonisi ,LEUKE ,east aqueduct
91 ,KOURION ,Kourion ,,
92 ,KOURION ,Kourion ,,
299 ,KRENIDES ,Krenides ,Philippi, PHILIPPOI ,
1329 ,LABRANDA ,,,
999 ,LACIPO ,Casares ,,
1386 ,LAGENTIUM ,Castleford ,,
1330 ,LAGINA ,,,
536 ,LAMA ,El Campillo ,,
18 ,LAMASBA ,Henchir Merwana ,Henchir Merouana ,Aqua Claudiana
19 ,LAMBAESIS ,Lambèse ,,Ain Drin
20 ,LAMBAESIS ,Lambèse ,,Ain Bou Benanna
21 ,LAMBAESIS ,Lambèse ,,Ain el Bled
22 ,LAMBAESIS ,Lambèse ,,Khalia
1225 ,LAMBIRIDI ,L’ enchir kherbet Ouled Arif ,,
1177 ,LAMIA ,,,
23 ,LAMSORTI ,Henchire Mafouna ,,
795 ,LANUVIUM ,Lanuvio ,,acquedotto Caratti
675 ,LAODICEA AD LYCUM ,Eski Hisar ,,
1201 ,LAODICEA AD MARE ,Latakia ,,
813 ,LAPPA ,Argyroupoli ,,
1335 ,LARISA ,Menemen ,,
467 ,LAURENTIUM ,Tor Paterno ,Castel Porziano, VICUS AUGUSTANUS LAUREN ,
730 ,LAVATRAE ,Bowes ,,
395 ,LAVINUM ,Pratica di Mare ,,
331 ,LEGIO ,Kefar 'Othnai ,MAXIMIANOPOLIS ,
547 ,LEGIO VII GEMINA ,León ,,
24 ,LEMELLEF ,Bel Imour ,,
788 ,LEMINCUM ,Lémenc ,,
854 ,LEPTIS MAGNA ,Lebda ,LEPCIS MAGNA, NEAPOLIS, COLONIA ULPIA TR ,
1110 ,LEPTIS MINOR ,Lamta ,LEPTEMINUS, LEPTI MINUS ,
620 ,LEPTIS MINOR ,Lamta ,LEPTEMINUS, LEPTI MINUS ,Eastern aqueduct
1188 ,LEROS ,,,
396 ,LIBARNA ,Serravalle Scrivia ,,
851 ,LICODIA EUBEA ,Licodia Eubea ,,
398 ,LILYBAEUM ,Marsala ,,
1375 ,LIMONUM ,Poitiers ,,aqueduc de Vouneuil
186 ,LIMONUM ,Poitiers ,,Fleury
187 ,LIMONUM ,Poitiers ,,Cimeau
188 ,LIMONUM ,Poitiers ,,Basse Fontaine
676 ,LIMYRA ,Fineke ,,
285 ,LINDOS ,Lindos ,,
754 ,LINDUM ,Lincoln ,COLONIA LINDUM ,
778 ,LIVIANA ,Le Viala ,,
829 ,LIVIAS (?) ,Khirbet el-Hebbesa ,,
1065 ,LONDINIUM ,London ,,
752 ,LONGOVICIUM ,Lancaster ,,
593 ,LOUSONNA ,Lausanne ,,
1183 ,LOUTRO ,,,
853 ,LUCERIA ,Lucera ,,
828 ,LUCUS AUGUSTI ,Lugo ,,
397 ,LUCUS FERONIAE ,near Scorano ,,Aqua Augusta
773 ,LUGDUNUM ,Lyon ,,Yzeron-Craponne : Yzeron Branch
774 ,LUGDUNUM ,Lyon ,,Yzeron/Craponne : Vaugneray Branch
775 ,LUGDUNUM ,Lyon ,,Yzeron-Craponne:Grezieu, Common branches
156 ,LUGDUNUM ,Lyon ,,Gier, Mont Pilat
157 ,LUGDUNUM ,Lyon ,,Mont d'Or
158 ,LUGDUNUM ,Lyon ,,La Brévenne
159 ,LUGDUNUM ,Lyon ,,Craponne/Yzeron
194 ,LUGDUNUM CONVENARUM ,Saint Bertrand de Comminges ,,
1126 ,LUGUVALLIUM ,Carlisle ,,
908 ,LUNI ,Luni ,,
182 ,LUTETIA PARISIORUM ,Paris ,Wissous, Arcueil ,aqueduc de Lutèce
287 ,LYKTOS ,Lyttos ,Liktos ,
491 ,MACHAERUS ,Mukawir ,,
612 ,MACTARIS ,Maktar ,Macteur ,
25 ,MADAUROS ,Mdaourouch ,,
889 ,MAGNESIA AD MEANDRUM ,,,
1277 ,MAGNESIA AD MEANDRUM ,,,
677 ,MAGNESIA AD SYLPHUM ,Manisa ,,
678 ,MAGYDOS ,Lara Manastir ,,
549 ,MALACA ,Malaga ,,San Telmo
155 ,MALLIACUM ,Luynes ,,
1184 ,MANTINEIA ,,,
288 ,MARATHON ,Plasi ,,
1207 ,MARCIANOPOLIS ,Devnya ,,
1079 ,MARGUM ,Dubravica ,,
330 ,MASADA ,Marda ,,
1208 ,MASCULA ,Khenchela ,Aïn Chabor ,
879 ,MASSILIA ,Marseille ,,
912 ,MATELICA ,Matelica ,,
1083 ,MEDIANA ,Brzi Brod ,,
197 ,MEDIOLANUM SANTONUM ,Saintes ,,addition Douhet +Venerand Sources
198 ,MEDIOLANUM SANTONUM ,Saintes ,,2nd Aqueduct Ft Morrilon, Douhet,Veneran
767 ,MEDIOLANUM SANTONUM ,Saintes ,,Font Morrilon - Fons Copertus
291 ,MEGALOPOLIS ,Megalopolis ,,
290 ,MEGARA ,Megara ,,
1228 ,MELITA ,Mdina ,,
963 ,MELLARIA ,Valdevaqueros, Tarifa ,Fuente Obejuna, Masatrigo ,
1138 ,MELOS ,Melos ,,
611 ,MENINX ,Jerba ,,
292 ,METHYMNA ,Mithimna ,,
679 ,METROPOLIS ,Yeniköy ,,
399 ,MEVANIA ,Bevagna ,,
400 ,MEVANIOLA ,near Galeate ,,
680 ,MILETUS ,Milete ,,Stephania
1241 ,MILETUS ,Milete ,,Jeralex
26 ,MINA ,Ighil Izane ,Relizane ,
401 ,MINTURNAE ,Minturno ,,
540 ,MIROBRIGA ,Ciudad Rodrigo ,,
402 ,MISENUM ,Miseno ,,AQUA AUGUSTA, acquedotto Claudio, Serino
247 ,MOGONTIACUM ,Mainz ,,
1236 ,MONS PORPHYRITES ,,,
681 ,MOPSUESTIA ,Yakapinar ,,
1059 ,MORGANTINA ,,,
1385 ,MORIDUNUM ,Carmarthen ,,
294 ,MYKENE ,Mykene ,,
1282 ,MYLASA ,Milas ,,Belcin
682 ,MYLASA ,Milas ,,
812 ,MYRA ,Demre ,,
293 ,MYTILENE ,Mitiline ,,
1082 ,NAISSUS ,Niš ,,
257 ,name unknown ,Saarbrücken ,,Halbergtunnel
513 ,name unknown ,Comenda ,,
2 ,name unknown ,Ain Ferhat ,,
514 ,name unknown ,Elvas ,Correio Mor ,
1026 ,name unknown ,Shuni ,Ramat Hanadiv ,older aqueduct
3 ,name unknown ,Ain Grimidi ,Ced el Djir ,
771 ,name unknown ,Ksar Fatma ,,
4 ,name unknown ,Ain el Kerma ,,
1031 ,name unknown ,hazor ,Tel Hazor ,
1287 ,name unknown ,Raiano ,,acquedotto delle Vuccole
1289 ,name unknown ,Ponte del Ponte ,,
1290 ,name unknown ,San Polo Piave ,,
1291 ,name unknown ,Saint-Moré ,,
1036 ,name unknown ,Alamillo ,Puerto de Mazarrón, Murcia ,
1292 ,name unknown ,Gannes ,,
1037 ,name unknown ,casa de la Ermita ,,
1293 ,name unknown ,Ain Kharoub ,,
1038 ,name unknown ,Marisparza ,Paraje de Marisparza ,
1294 ,name unknown ,Tizrout ,,
1295 ,name unknown ,Tschmarout ,,
528 ,name unknown ,Albatana ,,
1297 ,name unknown ,Petralia Soprana ,,
1298 ,name unknown ,Ain Cherchar ,,
1299 ,name unknown ,Farschweiler ,,
1300 ,name unknown ,Hermeskeil ,,
1301 ,name unknown ,Hörscheid ,,
1302 ,name unknown ,Lieser ,,
1303 ,name unknown ,Lingenfeld ,,
280 ,name unknown ,Kambos ,,
1304 ,name unknown ,Mehring ,,
1049 ,name unknown ,Alberca de Román ,,
1305 ,name unknown ,Neumagen ,,
1050 ,name unknown ,la Graya ,,
1306 ,name unknown ,Niederemmel ,,
1051 ,name unknown ,Karxa de los Estanquicos ,,
1307 ,name unknown ,Zeltingen-Rachtig ,,
1052 ,name unknown ,Perul ,,
1308 ,name unknown ,Wiltingen ,,
1053 ,name unknown ,Casa de los Cobos ,,
1309 ,name unknown ,Zemmer ,,
1054 ,name unknown ,Lorqui ,,
1310 ,name unknown ,Kefar ‘Aqabia ,,
1055 ,name unknown ,Monteagudo ,,
1056 ,name unknown ,Concarneau ,Villa Questel ,
1057 ,name unknown ,Mirebeau-sur-Bèze ,,
1313 ,name unknown ,Khirbet es Salam ,,
802 ,name unknown ,Almonacid de la Cuba ,Belchite ,
1058 ,name unknown ,St-Maurice-sur-Aveyron ,,
1314 ,name unknown ,Khallat ed-Danabiya ,,
1315 ,name unknown ,Khirbet ed Deir ,,
548 ,name unknown ,Lobón ,,
1316 ,name unknown ,En Farah ,,
805 ,name unknown ,Versoix ,,
1317 ,name unknown ,En Qilt ,,
551 ,name unknown ,Las Medulas ,,C-4
552 ,name unknown ,Las Medulas ,,C-5
553 ,name unknown ,Las Medulas ,,C-0
1321 ,name unknown ,La Bridoire ,,mur des Sarracens
554 ,name unknown ,Las Medulas ,,C-1
1066 ,name unknown ,Lyne roman fort ,,
1322 ,name unknown ,manot ,,
555 ,name unknown ,Las Medulas ,,C-2
556 ,name unknown ,Las Medulas ,,C-3
1068 ,name unknown ,Hamat Gader ,Hammat Gader ,
1324 ,name unknown ,San Liberato ,,
1325 ,name unknown ,Grottemurella ,,
1326 ,name unknown ,Ninfeo di Egeria ,,
47 ,name unknown ,Anthée ,,
1071 ,name unknown ,Fravitole ,,
1327 ,name unknown ,Canale della Mola ,,
48 ,name unknown ,Mettet ,villa Bauselene ,
560 ,name unknown ,Montefurado ,,
1072 ,name unknown ,Contursi ,,
1331 ,name unknown ,‘En Qobi ,,
1332 ,name unknown ,Qanat Bint el Kafir ,,
566 ,name unknown ,La Rambla de Carcauz ,Felix ,
1334 ,name unknown ,El Lejjun ,,
1336 ,name unknown ,Sarral ,,
58 ,name unknown ,Dolno Botevo ,,
826 ,name unknown ,Henchir es-Srira ,,
827 ,name unknown ,Rio Duerna ,,
1339 ,name unknown ,Chemillé-sur-Indrois ,,Aqueduc de la Ronde
317 ,name unknown ,Engaddi ,,
1342 ,name unknown ,Las Medulas ,,CN1
1343 ,name unknown ,Las Medulas ,,CN2
577 ,name unknown ,La Torre de Miguel Sesmero ,,
578 ,name unknown ,Torrente de Cinca ,,
1348 ,name unknown ,Chora (Naxos) ,,
583 ,name unknown ,Villarreal ,,
328 ,name unknown ,Kefar Amiqo ,Kefar Amiko ,
329 ,name unknown ,Kefar Hanania ,Kfar Hanania ,
1099 ,name unknown ,Souma el-Kiaba ,,
1355 ,name unknown ,Gavdos (Island) ,Γαύδος ,
1100 ,name unknown ,Henchir Oukhmida ,,
1102 ,name unknown ,Menaa ,,
79 ,name unknown ,Molindrio ,,
1103 ,name unknown ,Aïn Chabor ,,
1104 ,name unknown ,Ain Kharoubi ,,
1105 ,name unknown ,Bellezma ,,
1106 ,name unknown ,La Soukra ,,
96 ,name unknown ,Ain Um Dabadib ,,
1379 ,name unknown ,Adel ,,
613 ,name unknown ,Sidi Nasseur Allah ,,
614 ,name unknown ,Ksar el Guellal ,,aqueduct A
870 ,name unknown ,Passo Corese ,,
615 ,name unknown ,Ksar el Guellal ,,aqueduct B
871 ,name unknown ,Ronchi dei Legionari ,,
1127 ,name unknown ,Infernetto ,,
104 ,name unknown ,Ansignan ,,
616 ,name unknown ,Ksar es Soudane ,,
872 ,name unknown ,Kouass ,quas ,
1131 ,name unknown ,Sant´Egidio del monte Albino ,,
876 ,name unknown ,Torre del Greco ,,
877 ,name unknown ,Castelbaronia ,,
1389 ,name unknown ,Gherla ,,
110 ,name unknown ,Arthon-en-Retz ,,
1135 ,name unknown ,kazrik boğazı (Cizre) ,,
880 ,name unknown ,Tušpa ,Van Kalesi ,Minua canal
113 ,name unknown ,Balaruc-les-Bains ,,
1139 ,name unknown ,Roccarainola ,,qanat delle Fontanelle di Roccarainola
885 ,name unknown ,Albuccione ,,Tiburtina road aqueduct
886 ,name unknown ,San Jaime de Domenys ,,
1142 ,name unknown ,Roca di Papa - Arcioni ,,arcioni
376 ,name unknown ,Cava de' Tirreni ,,La Frestola
121 ,name unknown ,Puech Quinau ,,
1145 ,name unknown ,Chaouach ,,
1146 ,name unknown ,Henchir Chouégui ,,
1148 ,name unknown ,Henchir el-Baghla ,,
1151 ,name unknown ,Henchir Tefel ,,
128 ,name unknown ,Cabezac ,,aqueduct Cabezac- Les Jasses
1154 ,name unknown ,Bad Dürkheim ,,
1155 ,name unknown ,Blicquy ,,
1156 ,name unknown ,Cherichira ,Shurayshirah ,
133 ,name unknown ,Cavillargues ,,
1161 ,name unknown ,Cocheren-le-Herapel ,,
138 ,name unknown ,Culoz ,,
1162 ,name unknown ,Laneuville ,La Madeleine ,
1163 ,name unknown ,Vittel ,,
1165 ,name unknown ,Liffol-le-Grand ,,
1167 ,name unknown ,Truyes ,,
145 ,name unknown ,Fouqueure ,,
1170 ,name unknown ,Molacillos ,,
1171 ,name unknown ,Villa del Casale ,Piazza Armerina ,
1174 ,name unknown ,Nahal Zippori ,,
1175 ,name unknown ,Veroia ,,
160 ,name unknown ,Mailhac ,,
168 ,name unknown ,Moutier Rozeille ,,
1194 ,name unknown ,Plan de Barasson ,SUMMUS POENINUS, Combe des Morts ,
428 ,name unknown ,Roccalvecce ,,
1202 ,name unknown ,Villa de Vareilles ,,
183 ,name unknown ,Villa de Vareilles ,,
189 ,name unknown ,Richeaume ,Puyloubier ,
445 ,name unknown ,Villa del Convento dei Cappuccini ,,
1217 ,name unknown ,`En Boqeq ,,northern aqueduct
1218 ,name unknown ,`En Boqeq ,,southern aqueduct
195 ,name unknown ,Saint Etienne de l'Olm ,,
1219 ,name unknown ,fayence ,,
196 ,name unknown ,Saint Victor la Coste ,,
1220 ,name unknown ,Gacas ,Gasses ,
1221 ,name unknown ,gradina ,,
966 ,name unknown ,San Potito Sannitico ,,
1222 ,name unknown ,Henchira ,,
1223 ,name unknown ,kasrou ,,
201 ,name unknown ,Sauveterre ,,
463 ,name unknown ,Tivoli, villa of Manlius Vopiscus ,,
975 ,name unknown ,Henchir Mertoume ,,aqueduct Meslane - Mertoum
208 ,name unknown ,Thonon ,,
464 ,name unknown ,Tivoli, Colle Piano ,,
720 ,name unknown ,Meryamlik ,,
1232 ,name unknown ,Santa Francesca di Veroli ,,
465 ,name unknown ,Tivoli, Scalette ,,
468 ,name unknown ,Torre Mordillo ,,
214 ,name unknown ,Valliguières ,,
982 ,name unknown ,Timedout ,Kherbet Rekiza ,
1238 ,name unknown ,Concernade-Barbebelle ,,
1239 ,name unknown ,Montaurone ,,
217 ,name unknown ,Vendres ,,
985 ,name unknown ,Ain Djedied ,,
987 ,name unknown ,Rateriaz ,,galerie de la Rateriaz
476 ,name unknown ,Santa Venera al Pozzo ,,
988 ,name unknown ,Torralba ,,
734 ,name unknown ,Carpow ,Newburgh, Perth ,
991 ,name unknown ,Pago de Escuchagranos ,,
480 ,name unknown ,Viterbo, villa of Mummius Niger Valerius ,,
992 ,name unknown ,Cónchar ,,acueducto romano de los Arcos
994 ,name unknown ,Albánchez ,,
995 ,name unknown ,rambla de Julbena ,,
1253 ,name unknown ,San Pietro Infine ,,
742 ,name unknown ,Pumsaint ,Dolaucothi ,Annell aqueduct
743 ,name unknown ,Pumsaint ,Dolaucothi ,Cothi aqueduct
232 ,name unknown ,Villedieu sur Indre ,,
744 ,name unknown ,Pumsaint ,Dolaucothi ,early Cothi aqueduct
490 ,name unknown ,Umm el Jimal ,ام الجمال ,
746 ,name unknown ,Fendoch ,,
235 ,name unknown ,Altenburg ,Alteburg, Hanau-Mittelbuchen ,
747 ,name unknown ,Fishbourne ,,
748 ,name unknown ,Glenlochar ,,
238 ,name unknown ,Brey ,,
239 ,name unknown ,Düren ,Droversberg ,
240 ,name unknown ,Elsbachtal ,,
241 ,name unknown ,Geisbachtal ,,
242 ,name unknown ,Kaltenengers ,,
1267 ,name unknown ,Villa dei Quintili ,,Diramazione Villa dei Quintili
1268 ,name unknown ,Villa dei Sette Bassi ,,Diramazione Villa dei Sette Bassi
757 ,name unknown ,Tomen y Mur ,,
502 ,name unknown ,Emerange ,Schwaarzaerd ,
1270 ,name unknown ,Msaylha ,,Msaylha aqueduct
503 ,name unknown ,Noertzange ,,
1015 ,name unknown ,Cortijo lapuente ,,
504 ,name unknown ,Walferdange ,,Raschpetzer
249 ,name unknown ,Meddersheim ,,
1273 ,name unknown ,Villarreal ,,
250 ,name unknown ,Miesenheim ,,
762 ,name unknown ,Oppido Lucano ,Villa di Masseria Ciccotti ,
1274 ,name unknown ,Mirebeau-sur-Bèze ,,
251 ,name unknown ,Darscheid ,,
253 ,name unknown ,Oberstimm ,,
509 ,name unknown ,Voerendaal ,,
1021 ,name unknown ,Chisseaux ,,
255 ,name unknown ,Pölich ,,
511 ,name unknown ,Cerro da Vila ,Vilamoura, Loulé ,
379 ,names unknown ,Colle Lungo farms ,,
1027 ,NARBATA ,Khirbet el-Hammam ,,
170 ,NARBO MARTIUM ,Narbonne ,,Cabezac, Les Jasses, Sallèles
171 ,NARBO MARTIUM ,Narbonne ,,La Clape or Moujan
172 ,NARBO MARTIUM ,Narbonne ,,
173 ,NARBO MARTIUM ,Narbonne ,,Fontfroide La Canonade
405 ,NARNIA ,Narni ,,Formina
1229 ,NARONA ,Vid ,,
169 ,NASIUM ,Naix ,Saint Armand sur Ornain ,
80 ,NAVALIA ,Škopalj ,Novalja ,Kolan Cissa
1383 ,NAVIO ,Brough-on-Noe ,,
282 ,NEAPOLIS ,Kavala ,,
1350 ,NEAPOLIS ,Santa Maria di Nabui ,Νεάπολις, Nabui ,
404 ,NEAPOLIS ,Napoli ,,acquedotto della Bolla
178 ,NEMAUSUS ,Nîmes ,,Pont du Gard
1017 ,NEMEA ,,,
944 ,NERSAE ,Nesce ,,
1377 ,NESACTIUM ,Nazakcij ,,
523 ,NEVIODUNUM ,Drnovo pri Krsken ,,
524 ,NEVIODUNUM ,Drnovo pri Krsken ,,
1230 ,NICAEA ,Iznik ,,
684 ,NICOMEDIA ,Izmit ,,
685 ,NICOMEDIA ,Izmit ,,
333 ,NICOPOLIS ,Imwas ,EMMAUS ,
60 ,NICOPOLIS AD ISTRUM ,Nikiup ,,Mussina
61 ,NICOPOLIS AD ISTRUM ,Nikiup ,,
406 ,NICOTERA ,Mortelleto ,,
602 ,NISIBIS ,Nusaybin ,ANTIOCHIA ,
1231 ,NOLA ,Nola ,,
531 ,none ,Bejís ,,Acueducto romano Los Arcos
800 ,none ,Zaorejas ,,
550 ,none ,Manises - Valencia ,,
572 ,none ,Soneja ,,
1097 ,none ,Turia, Valencia ,,riegos valencianos
600 ,none ,Harbaqa dam ,al Harbaqa ,
357 ,none ,Pondel ,Aymaville ,
161 ,none ,Maintenon ,,
185 ,none ,Pézenas ,,Aquaduc de la Mere des Fontaines
192 ,none ,Roquefavour ,,Canal de Marseille
481 ,none ,Viterbo ,,
996 ,none ,Almodóvar del Río ,Fuenreal y Cortijo Nuevo ,
1020 ,none ,recanati ,,
869 ,NORA ,Sant’ Efisio ,,
1328 ,NOTION ,Ahmetbeyli ,,
62 ,NOVAE ,Svishtov ,,
63 ,NOVAE ,Svishtov ,,
252 ,NOVAESIUM ,Neuss ,,
926 ,NOVARIA ,Novara ,,
150 ,NOVIODOUNON DIABLITUM ,Jublains ,NOVIODUNUM ,
592 ,NOVIODUNUM ,Nyon ,DIVONA ,
865 ,NOVIODUNUM ,Isaccea ,,
508 ,NOVIOMAGUS ,Nijmegen ,,
153 ,NOVIOMAGUS LEXOVIORUM ,Lisieux ,,aqueduc de Glos
154 ,NOVIOMAGUS LEXOVIORUM ,Lisieux ,,aqueduc de Vieux-Lisieux
179 ,NOVIOMAGUS VEROMANDUORUM ,Noyon ,,
1141 ,NOVIOREGUM ,Fâ, near Barzan ,,
841 ,NUMANA ,Numana ,,
621 ,NUMLULI ,Henchir el Matria ,,
334 ,NYSA ,Beth Shean ,SCYTHOPOLIS, בֵּית שְׁאָן , بيسان ,north aqueduct
335 ,NYSA ,Beth Shean ,SCYTHOPOLIS, בֵּית שְׁאָן , بيسان ,south aqueduct
683 ,NYSA ,Sultanhisar ,ATHUMBRA ,
408 ,OCRICULUM ,Otricoli ,,
1005 ,OCURRIS ,Ubrique ,,
64 ,ODESSUS ,Varna ,,
65 ,OESCUS ,Gigen ,,
686 ,OINOANDA ,Incealiler ,OENOANDA ,
687 ,OLBA ,Ugra ,DIOCAESAREA, Ura ,
407 ,OLBIA ,Olbia ,,
727 ,OLBIA AD PONTUM ,Parutino ,BORYSTHENES ,
516 ,OLISIPO ,Lisboa ,Carenque, Amadora ,
296 ,OLYMPIA ,Archaia Olympia ,,Nymphaio aqueduct
811 ,OLYMPOS ,Adrasan ,,
297 ,OLYNTHOS ,Nea Olynthos ,,
945 ,OPITERGIUM ,Oderzo ,,
834 ,OPPIDO LUCANO ,,,
1030 ,ORIZA ,Taibe oasis ,,
1349 ,OSCA ,Huesca ,,acueducto de Quicena
544 ,OSSONOBA ,Huelva ,,
409 ,OSTIA ,Ostia Antiqua ,,
46 ,OVILAVA ,Wels ,,
920 ,PAESTUM ,Paestum ,,
604 ,PALMYRA ,Tadmor ,,western aqueduct
1128 ,PALMYRA ,Tadmor ,,northern aqueduct
838 ,PANDATARIA INSULA ,Isola Ventotene ,,
1048 ,PANIONIUM ,south of Güzelçamlı ,,
411 ,PANORMUS ,Palermo ,Panhormus ,
94 ,PAPHOS ,Nea Paphos ,,
907 ,PARAITONION ,Marsa Mathruh ,,
413 ,PARMA ,Parma ,,
688 ,PATARA ,Gelemiş ,Esen Cayi, ARSINOE ,
410 ,PATAVIUM ,Padova ,Padua ,
298 ,PATRA ,Patras ,PATRAE ,
66 ,PAUTALIA ,Kjustendil ,,
1185 ,PELLENE ,,,
414 ,PELORUS ,Capo Peloro ,,
946 ,PELTUINUM ,Civita Ansidonia ,,
1178 ,PEPARETHOS ,Skopelos ,,
691 ,PERGAMUM ,Bergama ,PERGAMON,Πέργαμος ,Kaikos
692 ,PERGAMUM ,Bergama ,PERGAMON,Πέργαμος ,Madra Dağ
693 ,PERGAMUM ,Bergama ,PERGAMON,Πέργαμος ,Selinos
694 ,PERGAMUM ,Bergama ,PERGAMON ,Aksu
1259 ,PERGAMUM ,Bergama ,PERGAMON,Πέργαμος ,Attalos
1260 ,PERGAMUM ,Bergama ,PERGAMON,Πέργαμος ,Demophon
1261 ,PERGAMUM ,Bergama ,PERGAMON ,Geyiklidağ
1262 ,PERGAMUM ,Bergama ,PERGAMON,Πέργαμος ,Apollonius
689 ,PERGE ,Aksu ,PERGA ,Düdenbaşi
690 ,PERGE ,Aksu ,PERGA ,
763 ,PERINTHOS ,Marmara Ereǧlisi ,HERAKLEIA ,
818 ,PERISTA ,,,
1033 ,PERUSIA ,Perugia ,,
695 ,PESSINOUS ,Ballihisar ,,
1186 ,PETALIDI ,Petalidi ,,
492 ,PETRA ,Petra ,,
1382 ,PETUARIA ,Brough on Humber ,,
336 ,PHASAELIS ,Khirbet Fasayil ,Fazael ,
696 ,PHASELIS ,Tekirova ,,
697 ,PHILADELPHEIA ,Alasehir ,,
493 ,PHILIDELPHEIA ,Amman ,,
67 ,PHILIPPOPOLIS ,Plovdiv ,TRIMONTIUM ,
68 ,PHILIPPOPOLIS ,Plovdiv ,TRIMONTIUM ,
415 ,PHILOSOPHIANA ,Sofiana ,,
1067 ,PHILOTERIA ,Beith Jerach Khirbet Kerak ,,
1376 ,PHINTIAS ,Licate ,Φιντίας,PLINTIS, Alicata ,
660 ,PHOCAEA ,Foca ,,
1234 ,PINARA ,,,
947 ,PINNA VESTIORUM ,Penne ,,
300 ,PIRAEUS ,Piraeus ,PEIRAIEUS ,
416 ,PISAE ,Pisa ,CALIDAE AQUAE, ad Caldaccoli ,
417 ,PISAURUM ,Pésaro ,,
883 ,PISTORIA ,Pistoia ,,
845 ,PITINUM MERGENS ,Acqualagna ,,
1233 ,PITINUM PISAURENSE ,Macerata Feltria ,,
1370 ,PITYUS ,Pitsunda ,Пиҵунда, ბიჭვინთა, Пицунда ,
825 ,PLATAEA ,,PLATEIA ,
525 ,POETOVIO ,Ptuj ,Ptujr ,
1272 ,POETOVIO ,Ptuj ,Ptujr ,
81 ,POLA ,Pula ,PIETAS JULIA ,
1024 ,POLIRRENIA ,,,
418 ,POLLENTIA ,Pollenzo ,,meridionale
948 ,POLLENTIA ,Pollenzo ,,settentrionale
419 ,POMPEII ,Pompeii ,,
698 ,POMPEIOPOLIS ,Viransehir ,,
117 ,PONS AERARIUS ,Bellegarde ,Costières du Gard ,
420 ,PONTIAE ,Isola di Ponza ,,
1093 ,POROLISSUM ,Moigrad ,,
422 ,PORTUS ,Fiumicio ,Porto ,
1169 ,PORTUS PISANUS ,,,
1094 ,POTAISSA ,Turda, Copăceni ,,
916 ,POTENTIA ,Potenza ,,
412 ,PRAENESTE ,Palestrina ,,
1319 ,PRAESIDIUM ,Qasr el Feifeh, Zoara ,,
699 ,PRIENE ,Güllübahce ,MANISA ,
949 ,PROLAQUAEUM ,Pioraco ,,
700 ,PRUSIAS AD HYPIUM ,Konuralp ,,
701 ,PRYMNESSOS ,Sülün ,,
500 ,PTOLEMAIS ,Tolmeta ,,
1288 ,PUTEOLI ,Pozzuoli ,,First Campanian aqueduct
423 ,PUTEOLI ,Pozzuoli ,,Second Campanian aqueduct
424 ,PYRGI ,San Severa ,,
304 ,PYTHAGORION ,Tigani ,,Eupalinos
305 ,PYTHAGORION ,Tigani ,,
338 ,QUMRAN ,Qumran ,,
27 ,RAPIDUM ,Sour Djouab ,,south aqueduct
981 ,RAPIDUM ,Sour Djouab ,,east aqueduct
753 ,RATAE ,Leicester ,,
69 ,RATIARIA ,Archar ,,
425 ,RAVENNA ,Ravenna ,,
884 ,REGIUM ,Reggio di Calabria ,,
426 ,REGIUM LEPIDUM ,Reggio Emilia ,FORUM REGIUM LEPIDI ,
980 ,REPULICA ,Sigus ,Oum El Bouaghi ,
702 ,RHODIAPOLIS ,Kumluca ,RHODIA ,
301 ,RHODOS ,Rhodos ,,
703 ,RHOSOS ,Uluçinar ,Arsuz ,
1117 ,RISINIUM ,Risen ,,
817 ,ROMA ,,,Aqua Neroniana - Arcus Caelimontani
1130 ,ROMA ,Roma - general information ,,
903 ,ROMA ,Roma ,,Aqua Antoniana
429 ,ROMA ,Roma ,Rome ,Aqua Appia
430 ,ROMA ,Roma ,Rome ,Aqua Anio Vetus
431 ,ROMA ,Roma ,Rome ,Aqua Marcia
432 ,ROMA ,Roma ,Rome ,Aqua Tepula
433 ,ROMA ,Roma ,Rome ,Aqua Julia
434 ,ROMA ,Roma ,Rome ,Aqua Virgo, Aqua Vergine
435 ,ROMA ,Roma ,Rome ,Aqua Alsietina / Aqua Augusta
436 ,ROMA ,Roma ,Rome ,Aqua Claudia
437 ,ROMA ,Roma ,Rome ,Aqua Anio Novus, Aqua Aniena Nova
438 ,ROMA ,Roma ,Rome ,Aqua Traiana
439 ,ROMA ,Roma ,Rome ,AQUA ALEXANDRINA
1263 ,ROMA ,Roma ,,Ductus Octavianus
1264 ,ROMA ,Roma ,,Arcus Neroniani
1265 ,ROMA ,Roma ,,Acquedotto Domiziano
1266 ,ROMA ,Roma ,,Rivus Herculaneus
1269 ,ROMA ,Roma ,,Diramazione ai Trofei di Mario
520 ,ROMULA ,Resca ,,
193 ,ROTOMAGUS ,Rouen ,,
950 ,RUFRAE ,Castello di Presenzano, San Felice ,Presenzano ,
28 ,RUSAZUS ,Azeffoun ,Ain Tolba ,
29 ,RUSGUNIAE ,Cap Matifou ,Tementfoust ,
1107 ,RUSICADE ,Ras Skikda ,Philipeville, THAPSUS, TAPSA, RUSICADA ,Beni Melek
859 ,SABRA ,Sabra ,,
501 ,SABRATHA ,,ABRATONUM ,
704 ,SAGALASSOS ,Sagalassos ,,
705 ,SAGALASSOS ,Sagalassos ,,
706 ,SAGALASSOS ,Sagalassos ,,
707 ,SAGALASSOS ,Sagalassos ,,
568 ,SAGUNTUM ,Sagunto ,ARSE ,
1352 ,SALA ,Chellah ,شالة ,
510 ,SALACIA ,Alcácer do Sal ,URBS IMPERATORA ,
89 ,SALAMIS ,Famagusta ,,
7 ,SALDAE ,Bejaia ,COLONIA JULIA AUGUSTA SALDANTIUM, Bougie ,Djebel Toudja
1003 ,SALDUBA (?) ,Estepona ,,
563 ,SALIONKA ,Poza de la Sal ,Cerro del Milagro ,
866 ,SALONA ,Solin ,,
340 ,SAMARIA ,Sebaste ,,
103 ,SAMAROBRIVA AMBIANORUM ,Amiens ,,
709 ,SAMOSATA ,Samsat ,,
302 ,SAMOTHRACE ,Paleopolis ,SAMOTRACE ,
708 ,SARDIS ,Salihli ,,
961 ,SARMIZEGETUSA ,,COLONIA DACIA SARMIZEGETUSA ,
1025 ,SASSINA ,Sarsina ,SARSINA ,
30 ,SATAFIS ,Périgotville ,,
960 ,SATALA ,Sadak ,,
310 ,SAVARIA ,Szombathely ,Steinamang ,
82 ,SCARDONA ,Skradin ,,
1285 ,SCOLACIUM ,Squillace ,,Borgia
921 ,SCOLACIUM ,Squillace ,,southern aqueduct
1087 ,SCUPI ,Skoplje ,,
1045 ,SEBASTAPOLIS ,Kızılca - Tavas ,,
882 ,SEBATUM ,St Lorenzen ,,
569 ,SEGISANO ,Sasamòn ,,
567 ,SEGOBRIGA ,Saelices ,Cabeza de Griego ,
191 ,SEGODUNUM ,Rodez ,,
731 ,SEGONTIUM ,Caernarfon ,,
570 ,SEGOVIA ,Segovia ,,
451 ,SEGUSIO ,Susa ,,
712 ,SELEUCEIA PIERIA ,Çevlik ,SELEUKEIA ,
711 ,SELEUCIA AD CALYCADNUM ,Silifke ,,
1280 ,SELGE ,Zerk ,,
713 ,SELGE ,Zerk ,,
714 ,SELINOUS ,Kale Tepe ,,
440 ,SELINUS ,Selinunte ,,
1088 ,SENIA ,Senj ,,
857 ,SENNABRIS ,Beth Yerah ,Al-Sinnabra, PHILOTERIA, SINNABRAY, SINN ,
1164 ,SENONAS (?) ,Senon ,,
314 ,SEPPHORIS ,Tzippori ,DIOCAESAREA ,
538 ,SEPTEM FRATRES ,Ceuta ,,
70 ,SERDICA ,Sofia ,,
1062 ,SERMANICOMAGUS ,Les Bouchauds ,,
798 ,SESTINUM ,Lucca ,,
799 ,SESTINUM ,Sestino ,,
526 ,SEXI ,Almuñécar ,MUNICIPUM SEXI FIRMUM JULIUM ,
1029 ,SHIVTA ,Shivta ,שבטה‎ , شبطا ,
617 ,SIAGU ,Ksar ez Zit ,,
618 ,SIAGU ,Ksar ez Zit ,,
619 ,SIAGU ,Ksar ez Zit ,,
772 ,SICCA VENERIA ,El Kef ,,
271 ,SICYON ,Vasiliko ,SIKYON, DEMETRIAS ,
272 ,SICYON ,Vasiliko ,SIKYON, DEMETRIAS ,
715 ,SIDE ,Selimiye ,,
33 ,SIGA ,Takembrit ,SIGUS ,
847 ,SILVIUM ,Gravina di Puglia ,,
85 ,SILVO ,Salvore ,Savudrija ,
607 ,SIMITTHUS ,Chemtou ,SIMITTU ,
860 ,SINGA ,,SUGGA ,
1078 ,SINGIDUNUM ,Beograd ,,
1000 ,SINGILIA BARBA ,Antequera ,,
716 ,SINOPE ,Sinop ,,Ak Punár
951 ,SINUESSA ,Mondragone ,,
1076 ,SIRMIUM ,Sremska Mitrovica ,,
83 ,SISCIA ,Sisak ,SEGESTICA ,
984 ,SITIFIS ,Setif ,,
717 ,SMYRNA ,Izmir ,,Kara Pınar, Olympus
718 ,SMYRNA ,Izmir ,,Akpınar, Aqua Traiana
1242 ,SMYRNA ,Izmir ,,Buca su yolları
1243 ,SMYRNA ,Izmir ,,Buca-Vezirağa suyolu
1244 ,SMYRNA ,Izmir ,,Kozağaç-Osmanağa su yolu
1245 ,SMYRNA ,Izmir ,,Halkapınar-Kapancıoğlu su yolu
603 ,SOADA ,Suweda ,DIONYSIAS ,
95 ,SOLOI ,Xeros ,,
1090 ,SOPIANAE ,Pecs ,,
442 ,SORA ,Sora ,,
84 ,SPALATUM ,Split ,,
303 ,SPARTA ,Sparti ,,
447 ,SPOLETIUM ,Spoleto ,,
1091 ,STOBI ,Gradsko ,,
662 ,STRATONICEA ,Siledik ,HADRIANI, HADRIANOPOLIS ,
1043 ,STRATONIKEIA ,Eskihisar ,,
1248 ,STRYMI ,,,
624 ,SUA ,Chaouach ,,
448 ,SUESSA AURUNCA ,Sessa Aurunca ,,
978 ,SUFASAR ,Amoura ,ain Tolba ,
622 ,SUFES ,Henchir Sbiba ,,
625 ,SUFETULA ,Sbeitla ,,
449 ,SULMO ,Sulmona ,,
450 ,SULMO ,Sulmona ,,
256 ,SUMELOCENNA ,Rottenburg ,,
564 ,SUMMUS PYRENEUS ,Puerto del Palo ,,
565 ,SUMMUS PYRENEUS ,Puerto del Palo ,,
952 ,SUPERAEQUUM ,Castelvecchio Subequo ,SUPEREQUUM ,
443 ,SURRENTUM ,Sorrento ,,acquedotto del Formiello
444 ,SURRENTUM ,Sorrento ,,acquedotto Rio della Conca
1240 ,SURRENTUM ,Sorrento ,,acquedotto della Neffola
441 ,SUTRIUM ,Sutri ,,
1192 ,SYIA ,,,
452 ,SYRACUSAE ,Siracusa ,,Galermi
453 ,SYRACUSAE ,Siracusa ,,Paradiso
454 ,SYRACUSAE ,Siracusa ,,Ninfeo
1224 ,SYRACUSAE ,Siracusa ,,Tremilia
1040 ,TABAE ,Kale ,TABAI ,
1080 ,TALIATA ,Veliki Gradac ,,
1226 ,TAMUDA ,,,
830 ,TARENTUM ,Taranto ,NEPTUNIA ,Triglio
850 ,TARENTUM ,Taranto ,NEPTUNIA ,Saturo
306 ,TARRA ,Agio Roumeli ,TARRHA ,
579 ,TARRACA (?) ,Los Bañales de Uncastillo ,Val de Bañales ,Acueducto de Sádaba, Val de Bañales
459 ,TARRACINA ,Terracina ,ANXUR ,san Lorenzo
1251 ,TARRACINA ,Terracina ,ANXUR ,eastern aqueduct
573 ,TARRACO ,Tarragona ,,acueducto de Francoli
990 ,TARRACO ,Tarragona ,,aqueducto de Gaia
1023 ,TARRACO ,Tarragona ,,centcelles ?
790 ,TAURINUM ,Torino ,,
779 ,TAUROENTUM ,Le Brusc ,TAUROIS ,
455 ,TAUROMENIUM ,Taormina ,,Petralia
456 ,TAUROMENIUM ,Taormina ,,Mongiuffi
953 ,TEANUM ,Teano ,,
457 ,TEATE MARRUCINORUM ,Chieti ,,
1378 ,TEIOS ,Filyos ,,
954 ,TELESIA ,Telese ,,
839 ,TEMPLUM DIANAE NEMORENSIS ,Nemi ,,
71 ,TEMPLUM IOVIS ,Obzor ,,
837 ,TERGESTE ,Trieste ,,acquedotto di San Giovanni di Guardiella
470 ,TERGESTE ,Trieste ,,acquedotto di Bagnoli, Val Rosandra
471 ,TERGESTE ,Trieste, San Dorligo della Valle ,,
575 ,TERMES ,Tiermes ,,
719 ,TERMESSOS ,Güllük Dağ ,,
1388 ,THAGURA ,Taoura ,,
875 ,THAMASCANI ,Kherbet Zembia ,,
39 ,THAMUGADI ,Timgad ,,Ain Morri
1098 ,THAMUGADI ,Timgad ,,Aqua Paludensis
1387 ,THAMUSIDA ,Kénitra ,,
32 ,THAPSUS ,Ras Skikda ,Philipville, RUSICADE ,Ain Roumane
460 ,THARROS ,San Giovanni di Sini ,,
1371 ,THELEPTE ,Feriana ,RUSPE, تلابت ,
458 ,THERMAE HIMERAE ,Termini Imerese ,,AQUA CORNELIA
1132 ,THESSALONIKE ,Thessalonike ,,
36 ,THEVESTE ,Tébessa ,,
1147 ,THIBAR ,Henchir Amamet ,,
906 ,THIGNICA ,Aïn Tounga ,,
35 ,THUBUNAE ,Tobna ,,
626 ,THUBURBI MINUS ,Tebourba ,,
1113 ,THUBURBO MAIUS ,,,
976 ,THUBURNICA ,Henchir-Sidi Ali bel Gassem ,,Thuburnica1
977 ,THUBURNICA ,Henchir-Sidi Ali bel Gassem ,,western aqueduct
37 ,THUBURSICUM NUMIDARUM ,Khemissa ,THUBURNICA, Tabarsic ,
1108 ,THUGGA ,Dougga ,,Ain Mizeb
627 ,THUGGA ,Dougga ,,Ain el Hamman
461 ,THURRII ,Thurio ,COPIA ,
721 ,THYATEIRA ,Akhisar ,,
610 ,THYSDRUS ,El Djem ,,
341 ,TIBERIAS ,Tiberias ,,Bereniki
462 ,TIBUR ,Tivoli ,,
955 ,TIFERNUM TIBERINUM ,Città di Castello ,,
34 ,TIGAVA MUNICIPIUM ,El Kherba ,Ksar Soltane ,
51 ,TILURIUM ,Gardum ,,
1144 ,TINGI ,Henchir Tengar ,,
1351 ,TINGIS ,Tanger ,Tanja, طنجة ,
41 ,TIPASA ,Tipasa ,,
1296 ,TOCOLOSIDA ,,,
576 ,TOLETUM ,Toledo ,,
1318 ,TOLOANA ,Qasr et-Telah ,,
209 ,TOLOSA ,Toulouse ,,Lardenne, aqueduc de la Reine Pédauque
210 ,TOLOSA ,Toulouse ,,Guilheméry
519 ,TOMIS ,Constanta ,,
722 ,TRALLES ,Aydin ,SELEUCEIA AD MAEANDRUM ,
723 ,TRAPEZOPOLIS ,Boli - Babadag ,Seine ,
469 ,TREA ,Treia ,,
887 ,TREBULA BALLIENSIS ,Treglia ,TREBULA BALLINIENSIS ,
832 ,TRIDENTUM ,Trento ,,
724 ,TRIPOLIS AD MEANDRUM ,near Yenice ,,
518 ,TROPAEUM TRAIANI ,Adamclisi ,,
1168 ,TROPHAEUM AUGUSTI ,La Turbie ,,
1187 ,TROYZEN ,Troezen ,TROIZEN ,
38 ,TUBUSUPTU ,Tiklat ,TUBUSUCTU ,southern aqueduct
855 ,TUBUSUPTU ,Tiklat ,,northern Aqueduct
466 ,TUDER ,Todi ,,
967 ,TUFICUM ,Borgo Tufico ,,
574 ,TURIASO ,Los Fayos Tarazona ,,
50 ,TURNACUM ,Doornik ,Tournai ,
421 ,TURRIS LIBISONIS ,Porto Torres ,,
472 ,TUSCULUM ,Tuscolo ,,Cunicoli della fontana di Q. Cielo e M.
725 ,TYANA ,Kemerhisar ,,Kemer
495 ,TYRUS ,Tyre ,PALAI TYRUS ,
801 ,UCUBI ,Espejo ,COLONIA CLARITAS IULIA UCUBI ,
858 ,UGARIT ,Ras Shamra ,,
1206 ,ULPIA BIZYE ,Vize ,,
1354 ,ULPIANA ,Gračanica ,IUSTINIANA SECUNDA ,
1369 ,ULPIANA ,Gračanica ,,
539 ,unknown ,Chelva ,Peña Cortada ,Acueducto de Peña Cortada
1341 ,unknown ,shuni ,Ramat Hanadiv ,later aqueduct
835 ,unknown ,Manocalzati ,,
894 ,unknown ,El Harif ,,
200 ,unknown ,Sauve ,,
969 ,unknown ,Corchiano ,,
527 ,URBIACA (?) ,Cella ,,Albarracin -Cella
846 ,URBS SALVIA ,Urbisaglia ,,
1019 ,URBS VETUS ,Orvieto ,,
844 ,URVINUM METAURENSE ,Urbino ,,
956 ,URVINUM METAURENSE ,Urbino ,,
915 ,UTHINA ,Oudhna ,,
874 ,UTICA ,Henchir bou Chateur ,,
1283 ,UXAMA ,Cerro del Castro, Burgo de Osma ,ARGAELA ,acueducto del norte
581 ,UXAMA ,Cerro del Castro ,ARGAELA ,acueducto oriental
756 ,UXELODUNUM ,Stanwix ,UXELODUM ,
957 ,VADA SABATIA ,Vado Ligure ,,
785 ,VALENTIA ,Valence ,,
582 ,VALENTIA ,Valencia de Alcántara ,,
971 ,VALENTIA ,Valencia ,,
1338 ,VALERIA ,Valera de Arriba ,,
131 ,VALLIS CLAUSA ,Fontaine de Vaucluse ,Cavaillon ,
215 ,VASIO ,Vaison la Romaine ,,Sante Croix
216 ,VASIO ,Vaison la Romaine ,,Grosseau
1101 ,VEGESALA ,Ksar el Kelb ,,
473 ,VEII ,Veio ,,
922 ,VELIA ,Ascea Marina ,ELEA ,
474 ,VELITRAE ,Velletri - Incudini ,,
475 ,VENAFRUM ,Venafro ,,
758 ,VENTA ,Winchester ,,
733 ,VENTA ICENORUM ,Caistor by Norwich ,,
732 ,VENTA SILURUM ,Caerwent ,,
477 ,VENUSIA ,Venosa ,,
42 ,VERECUNDA ,Markouns ,,
998 ,VERGILIA ,Huelma, Jaén ,,
1074 ,VERONA ,Verona ,,Parona aqueduct
831 ,VERONA ,Verona ,,eastern aqueduct
119 ,VESONTIO ,Besançon ,,
803 ,VESUNNA ,Périgueux ,,aqueduct le Toulon
804 ,VESUNNA ,Périgueux ,,de la Boissiere or Jameau
184 ,VESUNNA ,Périgueux ,,Grand Font
260 ,VETERA ,Xanten ,,
849 ,VIBINUM ,Bovino ,,
231 ,VICANI VENETONIMAGENSES ,Vieu en Valromy ,,
479 ,VICETIA ,Vicenza ,,
751 ,VICTORIA (?) ,Inchtuthill ,,
1018 ,VICUS AQUENSIS ,Bagnères de Bigorre ,,
254 ,VICUS AURELIANUS ,Öhringen ,,Aqua Alexandriana
220 ,VIENNA ,Vienne ,,Gère
221 ,VIENNA ,Vienne ,,
222 ,VIENNA ,Vienne ,,
223 ,VIENNA ,Vienne ,,
224 ,VIENNA ,Vienne ,,
225 ,VIENNA ,Vienne ,,
226 ,VIENNA ,Vienne ,,
227 ,VIENNA ,Vienne ,,
228 ,VIENNA ,Vienne ,,
229 ,VIENNA ,Vienne ,,
230 ,VIENNA ,Vienne ,,
1075 ,VIMINACIUM ,Stari Kostalac ,,
45 ,VINDOBONA ,Wien ,,
1034 ,VINDONISSA ,Windisch ,,Birrfeld aqueduct
596 ,VINDONISSA ,Windisch ,,Hausen aqueduct
1333 ,VINDUNUM ,Le Mans ,VINDINUM, SUIDINUM, SUBDINNUM ,Monnet
162 ,VINDUNUM ,Le Mans ,VINDINUM, SUIDINUM, SUBDINNUM ,Monnet
163 ,VINDUNUM ,Le Mans ,VINDINUM, SUIDINUM, SUBDINNUM ,Fontenelles
164 ,VINDUNUM ,Le Mans ,VINDINUM, SUIDINUM, SUBDINNUM , CIVITAS ,d'Isaac 1
964 ,VINDUNUM ,Le Mans ,VINDINUM, SUIDINUM, SUBDINNUM ,aqueduc de l’ Hopiteau
965 ,VINDUNUM ,Le Mans ,VINDINUM, SUIDINUM, SUBDINNUM ,de la Motte
1252 ,VINDUNUM ,Le Mans ,VINDINUM, SUIDINUM, SUBDINNUM ,d'Isaac 2
759 ,VIROCONIUM ,Wroxeter ,,
1381 ,VIROSIDUM ,Bough by Bainbridge ,,
958 ,VOLSINII ,Bolsena ,,
1111 ,VOLUBILIS ,Ksar Pharaoun ,,post-rampart
505 ,VOLUBILIS ,Ksar Pharaoun ,,southern aqueduct
506 ,VOLUBILIS ,Ksar Pharaoun ,,
130 ,VORGIUM ,Carhaix ,,
482 ,VULCI ,near Montalto di Castro ,,
902 ,XANTHOS ,Kınık ,,
43 ,ZABI ,Bechilga ,JUSTINIANA ,
1136 ,ZAGURAE ,Ain Sinu ,,
628 ,ZAMA MAIOR ,Jama ,,western aqueduct
1249 ,ZAMA MAIOR ,Jama ,,eastern aqueduct
726 ,ZEUGMA ,Belkis ,,
833 ,ZILIL ,Dchar Jdid ,IULIA CONSTANTIA ZILIL, ZILIS ,
820 ,ZONE ,,,
1227 ,ZUCCHABAR ,Miliana ,ZUCCABAR ,